[
    {
      "👑 *Author": "A. France*",
      "🎁 *Quotes": "Lebih baik mengerti sedikit daripada salah mengerti*."
    },
    {
      "👑 *Author": "Abraham Lincoln*",
      "🎁 *Quotes": "Hampir semua pria memang mampu bertahan menghadapi kesulitan. Namun, jika Anda ingin menguji karakter sejati pria, beri dia kekuasaan*."
    },
    {
      "👑 *Author": "Si M*",
      "🎁 *Quotes": "Apapun itu, jangan pisahkan aku dengan musik dan code*."
    },
    {
      "👑 *Author": "Merl sang Coding*",
      "🎁 *Quotes": "Can you feel the harmony?*."
    },
    {
      "👑 *Author": "Merl mengeluarkan Anda*",
      "🎁 *Quotes": "Siapasih yang imut, cerdas, suka menolong, dan berbaik hati ini?*."
    },
    {
      "👑 *Author": "Merl cita-cita jadi Programmer*",
      "🎁 *Quotes": "Apapun yang terjadi hari ini, jadikanlah sebuah pelajaran*."
    },
    {
      "👑 *Author": "Own Merlinus Store*",
      "🎁 *Quotes": "Suatu saat kita bakal berjumpa, aku berjanji*."
    },
    {
      "👑 *Author": "Merl*",
      "🎁 *Quotes": "Hey apa kau lelah?*."
    },
    {
      "👑 *Author": "M si baik hati*",
      "🎁 *Quotes": "Bagaimana setelah kau membantu semua orang? cape ya?*."
    },
    {
      "👑 *Author": "M pengen jadi penyihir*",
      "🎁 *Quotes": "Bimsalabim*."
    },
    {
      "👑 *Author": "Aeschylus*",
      "🎁 *Quotes": "Bila tekad seseorang kuat dan teguh, Tuhan akan bergabung dalam usahanya*."
    },
    {
      "👑 *Author": "Aesop*",
      "🎁 *Quotes": "Penderitaan adalah pelajaran*."
    },
    {
      "👑 *Author": "Albert Einstein*",
      "🎁 *Quotes": "Ilmu pengetahuan tanpa agama adalah pincang*."
    },
    {
      "👑 *Author": "Albert Einstein*",
      "🎁 *Quotes": "Hidup itu seperti sebuah sepeda, agar tetap seimbang kita harus tetap bergerak*."
    },
    {
      "👑 *Author": "Albert Einstein*",
      "🎁 *Quotes": "Perbedaan masa lalu, sekarang, dan masa depan tak lebih dari ilusi yang keras kepala*."
    },
    {
      "👑 *Author": "Albert Einstein*",
      "🎁 *Quotes": "Sebuah meja, sebuah kursi, semangkuk buah, dan sebuah biola; apa lagi yang dibutuhkan agar seseorang bisa merasa bahagia?*."
    },
    {
      "👑 *Author": "Albert Enstein*",
      "🎁 *Quotes": "Belas kasihanlah terhadap sesama, bersikap keraslah terhadap diri sendiri*."
    },
    {
      "👑 *Author": "Alex Osborn*",
      "🎁 *Quotes": "Cara paling baik untuk menggerakkan diri Anda ialah memberi tugas kepada diri sendiri*."
    },
    {
      "👑 *Author": "Alexander A. Bogomoletz*",
      "🎁 *Quotes": "Kita tidak boleh kehilangan semangat. Semangat adalah stimulan terkuat untuk mencintai, berkreasi dan berkeinginan untuk hidup lebih lama*."
    },
    {
      "👑 *Author": "Alexander Solzhenitsyn*",
      "🎁 *Quotes": "Manusia akan bahagia selama ia memilih untuk bahagia*."
    },
    {
      "👑 *Author": "Ali Javan*",
      "🎁 *Quotes": "Saya tidak berharap menjadi segalanya bagi setiap orang. Saya hanya ingin menjadi sesuatu untuk seseorang*."
    },
    {
      "👑 *Author": "Ali bin Abi Thalib*",
      "🎁 *Quotes": "Apabila sempurna akal seseorang, maka sedikit perkataannya*."
    },
    {
      "👑 *Author": "Ali bin Abi Thalib*",
      "🎁 *Quotes": "Bahagialah orang yang dapat menjadi tuan untuk dirinya, menjadi kusir untuk nafsunya dan menjadi kapten untuk bahtera hidupnya*."
    },
    {
      "👑 *Author": "Ali bin Abi Thalib*",
      "🎁 *Quotes": "Sahabat yang jujur lebih besar harganya daripada harta benda yang diwarisi dari nenek moyang*."
    },
    {
      "👑 *Author": "Anne M. Lindbergh*",
      "🎁 *Quotes": "Yang palin melelahkan dalam hidup adalah menjadi orang yang tidak tulus*."
    },
    {
      "👑 *Author": "Anonim*",
      "🎁 *Quotes": "Terbuka untuk Anda, begitulah Tuhan memberi kita jalan untuk berusaha. Jangan pernah berfikir jalan sudah tertutup*."
    },
    {
      "👑 *Author": "Anonim*",
      "🎁 *Quotes": "Penundaan adalah kuburan dimana peluang dikuburkan*."
    },
    {
      "👑 *Author": "Antonie De Saint*",
      "🎁 *Quotes": "Cinta bukan saling menatap mata, namun melihat ke arah yang sama bersama-sama*."
    },
    {
      "👑 *Author": "Aristoteles*",
      "🎁 *Quotes": "Kita adalah apa yang kita kerjakan berulang kali. Dengan demikian, kecemerlangan bukan tindakan, tetapi kebiasaan*."
    },
    {
      "👑 *Author": "Arnold Glasow*",
      "🎁 *Quotes": "Jangan pernah mencoba menjadikan putra atau putri Anda menjadi seperti Anda. Diri Anda hanya cukup satu saja*."
    },
    {
      "👑 *Author": "Art Buchwald*",
      "🎁 *Quotes": "Jika Anda bisa membuat orang lain tertawa, maka Anda akan mendapatkan semua cinta yang Anda inginkan*."
    },
    {
      "👑 *Author": "Artemus Ward*",
      "🎁 *Quotes": "Masalah akan datang cepat atau lambat. Jika masalah datang, sambut dengan sebaik mungkin. Semakin ramah Anda menyapanya, semakin cepat ia pergi*."
    },
    {
      "👑 *Author": "Ashleigh Brilliant*",
      "🎁 *Quotes": "Kita tak bisa melakukan apapun untuk mengubah masa lalu. Tapi apapun yang kita lakukan bisa mengubah masa depan*."
    },
    {
      "👑 *Author": "Augustine*",
      "🎁 *Quotes": "Kesabaran adalah teman dari kebijaksanaan*."
    },
    {
      "👑 *Author": "Ayn Rand*",
      "🎁 *Quotes": "Orang-orang kreatif termotivasi oleh keinginan untuk maju, bukan oleh keinginan untuk mengalahkan orang lain*."
    },
    {
      "👑 *Author": "B. J. Habibie*",
      "🎁 *Quotes": "Dimanapun engkau berada selalulah menjadi yang terbaik dan berikan yang terbaik dari yang bisa kita berikan*."
    },
    {
      "👑 *Author": "Balzac*",
      "🎁 *Quotes": "Kebencian seperti halnya cinta, berkobar karena hal-hal kecil*."
    },
    {
      "👑 *Author": "Barbara Sher*",
      "🎁 *Quotes": "Anda tidak perlu harus berhasil pada kali pertama*."
    },
    {
      "👑 *Author": "Beecher*",
      "🎁 *Quotes": "Satu jam yang intensif, jauh lebih baik dan menguntungkan daripada bertahun-tahun bermimpi dan merenung-renung*."
    },
    {
      "👑 *Author": "Benjamin Disraeli*",
      "🎁 *Quotes": "Hal terbaik yang bisa Anda lakukan untuk orang lain bukanlah membagikan kekayaan Anda, tetapi membantu dia untuk memiliki kekayaannya sendiri*."
    },
    {
      "👑 *Author": "Bill Clinton*",
      "🎁 *Quotes": "Tidak ada jaminan keberhasilan, tetapi tidak berusaha adalah jaminan kegagalan*."
    },
    {
      "👑 *Author": "Bill Cosby*",
      "🎁 *Quotes": "Aku tidak tahu kunci sukses itu apa, tapi kunci menuju kegagalan adalah mencoba membuat semua orang senang*."
    },
    {
      "👑 *Author": "Bill Gates*",
      "🎁 *Quotes": "Konsumen yang paling tidak puas adalah sumber berharga untuk belajar*."
    },
    {
      "👑 *Author": "Bill Mccartney*",
      "🎁 *Quotes": "Kita ada disini bukan untuk saling bersaing. Kita ada disini untuk saling melengkapi*."
    },
    {
      "👑 *Author": "Brian Koslow*",
      "🎁 *Quotes": "Semakin kita bersedia bertanggung jawab atas perbuatan-perbuatan kita, semakin banyak kredibilitas yang kita miliki*."
    },
    {
      "👑 *Author": "Browning*",
      "🎁 *Quotes": "Selalu baik untuk memaafkan, tapi yang paling baik adalah melupakan sebuah kesalahan*."
    },
    {
      "👑 *Author": "Bruce Lee*",
      "🎁 *Quotes": "Jangan menjadi pohon kaku yang mudah patah. Jadilah bambu yang mampu bertahan melengkung melawan terpaan angin*."
    },
    {
      "👑 *Author": "Budha Gautama*",
      "🎁 *Quotes": "Jangan menangis karena kegagalan cinta, sebab manusia akan meninggalkan semua yang dicintainya*."
    },
    {
      "👑 *Author": "Bunda Teresa*",
      "🎁 *Quotes": "Jika Anda mengadili orang lain, Anda tak punya waktu untuk mencintai mereka*."
    },
    {
      "👑 *Author": "Bunda Teresa*",
      "🎁 *Quotes": "Jika tidak ada perdamaian, hal itu disebabkan kita telah lupa bahwa kita saling membutuhkan*."
    },
    {
      "👑 *Author": "Bung Hatta*",
      "🎁 *Quotes": "Kurang cerdas dapat diperbaiki dengan belajar, kurang cekatan dapat diperbaiki dengan pengalaman, kurang jujur sulit memperbaikinya*."
    },
    {
      "👑 *Author": "Burn*",
      "🎁 *Quotes": "Banyak orang sukses berkat banyaknya kesulitan dan kesukaran yang mesti dihadapi*."
    },
    {
      "👑 *Author": "Carol Burnet*",
      "🎁 *Quotes": "Hanya aku yang bisa merubah hidupku, tak ada seorang pun yang dapat melakukannya untukku*."
    },
    {
      "👑 *Author": "Charles Darwin*",
      "🎁 *Quotes": "Yang bisa bertahan hidup bukan spesies yang paling kuat. Bukan juga spesies yang paling cerdas. Tapi spesies yang paling responsif terhadap perubahan*."
    },
    {
      "👑 *Author": "Charles R. Swindoll*",
      "🎁 *Quotes": "Hidup adalah 10 persen yang terjadi kepada Anda, 90 persen bagaimana cara Anda menyikapinya*."
    },
    {
      "👑 *Author": "Ching Hai*",
      "🎁 *Quotes": "Memperbaiki diri kita adalah memperbaiki dunia*."
    },
    {
      "👑 *Author": "Ching Hai*",
      "🎁 *Quotes": "Jangan membeda-bedakan pekerjaan mana yang baik dan mana yang buruk. Masalah muncul jika kita membeda-bedakan dan memihak sesuatu*."
    },
    {
      "👑 *Author": "Ching Hai*",
      "🎁 *Quotes": "Kita bekerja harus tanpa pamrih. Itu berlaku untuk segala pekerjaan. Pengabdian tanpa syarat adalah yang terbaik*."
    },
    {
      "👑 *Author": "Ching Hai*",
      "🎁 *Quotes": "Kita harus menemukan kekuatan cinta dalam diri kita terlebih dahulu, barulah kita dapat benar-benar mencintai orang lain*."
    },
    {
      "👑 *Author": "Ching Hai*",
      "🎁 *Quotes": "Carilah uang secukupnya saja untuk membiayai kehidupan, agar dapat menyisihkan waktu dan tenaga untuk melatih spiritual*."
    },
    {
      "👑 *Author": "Christopher Colombus*",
      "🎁 *Quotes": "Harta benda tak membuat seseorang menjadi kaya raya, mereka hanya membuatnya lebih sibuk*."
    },
    {
      "👑 *Author": "Cicero*",
      "🎁 *Quotes": "Hati yang penuh syukur, bukan saja merupakan kebajikan terbesar, melainkan induk dari segala kebajikan yang lain*."
    },
    {
      "👑 *Author": "Cicero*",
      "🎁 *Quotes": "Hati yang penuh syukur, bukan saja merupakan kebajikan terbesar, melainkan juga induk dari segala kebajikan yang lain*."
    },
    {
      "👑 *Author": "Clarence Darrow*",
      "🎁 *Quotes": "Kebebasan itu berasal dari manusia, tidak dari undang-undang atau institusi*."
    },
    {
      "👑 *Author": "Confucius*",
      "🎁 *Quotes": "Hidup ini benar-benar sederhana, tapi kita malah bersikeras membuatnya menjadi rumit*."
    },
    {
      "👑 *Author": "Confucius*",
      "🎁 *Quotes": "Kemana pun Anda pergi, pergilah dengan sepenuh hati*."
    },
    {
      "👑 *Author": "Confucius*",
      "🎁 *Quotes": "Orang yang melakukan kesalahan dan tidak memperbaiki kesalahannya, melalakukan kesalahan yang lainnya*."
    },
    {
      "👑 *Author": "Confucius*",
      "🎁 *Quotes": "Kebanggaan kita yang terbesar bukan karena tidak pernah gagal, tetapi bangkit kembali setiap kita jatuh*."
    },
    {
      "👑 *Author": "Cowper*",
      "🎁 *Quotes": "Bunga yang tidak akan pernah layu dibumi adalah kebajikan*."
    },
    {
      "👑 *Author": "Cynthia Ozick*",
      "🎁 *Quotes": "Untuk membayangkan hal yang tak dapat dibayangkan, dibutuhkan imajinasi yang luar biasa*."
    },
    {
      "👑 *Author": "D. J. Schwartz*",
      "🎁 *Quotes": "Kesulitan apapun tidak tahan terhadap keuletan dan ketekunan. Tanpa keuletan, orang yang paling pintar dan paling berbakat sering gagal dalam hidupnya*."
    },
    {
      "👑 *Author": "Dale Carnegie*",
      "🎁 *Quotes": "Satu-satunya cara agar kita memperoleh kasih sayang, adalah jangan menuntut agar kita dicintai, tetapi mulailah memberi kasih sayang kepada orang lain tanpa mengharapkan balasan*."
    },
    {
      "👑 *Author": "Dale Carnegie*",
      "🎁 *Quotes": "Bila orang yang kuatir akan kekurangannya mau mensyukuri kekayaan yang mereka miliki, mereka akan berhenti kuatir*."
    },
    {
      "👑 *Author": "Dale Carnegie*",
      "🎁 *Quotes": "Usahakan membentuk suatu hubungan \"kawat\" antara otak dan hati Anda*."
    },
    {
      "👑 *Author": "Dale Carnegie*",
      "🎁 *Quotes": "Senyuman akan membuat kaya jiwa seseorang yang menerimanya, tanpa membuat miskin seseorang yang memberikannya*."
    },
    {
      "👑 *Author": "Dale Carnegie*",
      "🎁 *Quotes": "Orang jarang sukses kecuali jika mereka senang dengan apa yang dikerjakannya*."
    },
    {
      "👑 *Author": "David Livingston*",
      "🎁 *Quotes": "Saya akan pergi kemanapun selama itu arahnya ke depan*."
    },
    {
      "👑 *Author": "David V. Ambrose*",
      "🎁 *Quotes": "Jika Anda punya kemauan untuk menang, Anda sudah mencapai separuh sukses. Jika Anda tidak punya kemauan untuk menang, Anda sudah mencapai separuh kegagalan*."
    },
    {
      "👑 *Author": "David Weinbaum*",
      "🎁 *Quotes": "Rahasia menuju hidup kaya adalah mempunyai lebih banyak awal ketimbang akhir*."
    },
    {
      "👑 *Author": "Desbarolles*",
      "🎁 *Quotes": "Kebenaran yang tidak dimengerti akan menjadi kesalahan*."
    },
    {
      "👑 *Author": "Descrates*",
      "🎁 *Quotes": "Saya berpikir, karena itu saya ada*."
    },
    {
      "👑 *Author": "Djamaludin Abassy*",
      "🎁 *Quotes": "Mental yang lemah lebih parah dari fisik yang lemah*."
    },
    {
      "👑 *Author": "Donald Kendall*",
      "🎁 *Quotes": "Satu-satunya sukses yang diraih sebelum bekerja hanyalah ada di kamus saja*."
    },
    {
      "👑 *Author": "Dr. Frank Crane*",
      "🎁 *Quotes": "Sahabat terbaik dan musuh terburuk kita adalah pikiran-pikiran kita. Pikiran dapat lebih baik dari seorang dokter atau seorang bankir atau seorang teman kepercayaan. Juga dapat lebih berbahaya dadi penjahat*."
    },
    {
      "👑 *Author": "Dr. Ronald Niednagel*",
      "🎁 *Quotes": "Pergilah sejauh Anda bisa memandang, dan ketika Anda tiba disana, Anda akan memandang lebih jauh*."
    },
    {
      "👑 *Author": "Dr.\u00a0Johnnetta Cole*",
      "🎁 *Quotes": "Jika kamu ingin pergi cepat, pergilah sendiri. Jika kamu ingin pergi jauh, pergilah bersama-sama*."
    },
    {
      "👑 *Author": "Dwigt D. Esenhower*",
      "🎁 *Quotes": "Seorang intelektual tidak akan pernah mengatakan lebih daripada apa yang diketahuinya*."
    },
    {
      "👑 *Author": "Earl Campbell*",
      "🎁 *Quotes": "Persoalan-persoalan adalah harga yang Anda bayar untuk kemajuan*."
    },
    {
      "👑 *Author": "Earl Campbell*",
      "🎁 *Quotes": "Persoalan-persoalan adalah harga yang harus Anda bayar untuk kemajuan*."
    },
    {
      "👑 *Author": "Edgar Alnsel*",
      "🎁 *Quotes": "Hidup manusia penuh dengan bahaya, tetapi disitulah letak daya tariknya*."
    },
    {
      "👑 *Author": "Edmund Burke*",
      "🎁 *Quotes": "Anda tidak dapat merencanakan masa yang akan datang berdasarkan masa lalu*."
    },
    {
      "👑 *Author": "Edward L. Curtis*",
      "🎁 *Quotes": "Optimisme yang tidak disertai dengan usaha hanya merupakan pemikiran semata yang tidak menghasilkan buah*."
    },
    {
      "👑 *Author": "Edward de Bono*",
      "🎁 *Quotes": "Jika Anda termasuk orang yang senang menunggu datangnya peluang, Anda adalah bagian dari manusia pada umumnya*."
    },
    {
      "👑 *Author": "Edy Murphy*",
      "🎁 *Quotes": "Aku menghabiskan usia 30-an untuk memperbaiki segala kesalahanku di usia 20-an*."
    },
    {
      "👑 *Author": "Einstein*",
      "🎁 *Quotes": "Berusaha untuk tidak menjadi manusia yang berhasil tapi berusahalah menjadi manusia yang berguna*."
    },
    {
      "👑 *Author": "Eisenhower*",
      "🎁 *Quotes": "Mulai sekarang kita tidak usah membuang-buang waktu barang semenit pun untuk memikirkan orang-orang yang tidak kita sukai*."
    },
    {
      "👑 *Author": "Elanor Roosevelt*",
      "🎁 *Quotes": "Ketika kita berhenti membuat kontribusi, kita mulai mati*."
    },
    {
      "👑 *Author": "Elbert Hubbad*",
      "🎁 *Quotes": "Kesalahan terbesar yang dibuat manusia dalam kehidupannya adalah terus-menerus merasa takut bahwa mereka akan melakukan kesalahan*."
    },
    {
      "👑 *Author": "Elizabeth Browning*",
      "🎁 *Quotes": "Janganlah menyebut orang tidak bahagia sebelum dia mati. Jangan menilai pekerjaan seseorang sebelum pekerjaannya berakhir*."
    },
    {
      "👑 *Author": "Emerson*",
      "🎁 *Quotes": "Percaya pada diri sendiri adalah rahasia utama mencapai sukses*."
    },
    {
      "👑 *Author": "Engelbert Huperdinck*",
      "🎁 *Quotes": "Anda harus waspada dengan kesenangan. Pastikan bahwa Anda menikmatinya dan bukan dikendalikannya*."
    },
    {
      "👑 *Author": "Erich Watson*",
      "🎁 *Quotes": "Kehilangan kekayaan masih dapat dicari kembali, kehilangan kepercayaan sulit didapatkan kembali*."
    },
    {
      "👑 *Author": "Francois De La Roche*",
      "🎁 *Quotes": "Bila tidak mampu menemukan kedamaian dalam diri sendiri, tak ada gunanya mencari di tempat lain*."
    },
    {
      "👑 *Author": "Francois De La Roche*",
      "🎁 *Quotes": "Kita terbiasa menyembunyikan diri dari orang lain, sampai akhirnya kita sendiri tersembunyi dari diri kita*."
    },
    {
      "👑 *Author": "Francois Roche*",
      "🎁 *Quotes": "Kita lebih sibuk menyakinkan orang lain bahwa kita bahagia ketimbang benar-benar merasakan bahagia itu sendiri*."
    },
    {
      "👑 *Author": "Frank Crane*",
      "🎁 *Quotes": "Anda mungkin ditipu jika terlalu mempercayai, tetapi hidup Anda akan tersiksa jika tidak cukup mempercayai*."
    },
    {
      "👑 *Author": "Frank Giblin*",
      "🎁 *Quotes": "Jadilah diri Anda sendiri. Siapa lagi yang bisa melakukannya lebih baik ketimbang diri Anda sendiri?*."
    },
    {
      "👑 *Author": "Franklin*",
      "🎁 *Quotes": "Bila Anda ingin dicintai, cintailah dan bersikaplah sebagai orang yang patut dicintai*."
    },
    {
      "👑 *Author": "Fuller*",
      "🎁 *Quotes": "Contoh yang baik adalah nasihat terbaik*."
    },
    {
      "👑 *Author": "Galileo Galilei*",
      "🎁 *Quotes": "Rumput yang paling kuat tumbuhnya terdapat di atas tanah yang paling keras*."
    },
    {
      "👑 *Author": "Galileo Galilei*",
      "🎁 *Quotes": "Kamu tidak dapat mengajari seseorang apa pun, kamu hanya bisa membantunyanya menemukan apa yang ada dalam dirinya sendiri*."
    },
    {
      "👑 *Author": "Gandhi*",
      "🎁 *Quotes": "Mereka yang berjiwa lemah tak akan mampu memberi seuntai maaf tulus. Pemaaf sejati hanya melekat bagi mereka yang berjiwa tangguh*."
    },
    {
      "👑 *Author": "Gandhi*",
      "🎁 *Quotes": "Kebahagiaan tergantung pada apa yang dapat Anda berikan, bukan pada apa yang Anda peroleh*."
    },
    {
      "👑 *Author": "Gen Collin Powel*",
      "🎁 *Quotes": "Tak ada rahasia untuk menggapai sukses. Sukses itu dapat terjadi karena persiapan, kerja keras dan mau belajar dari kegagalan*."
    },
    {
      "👑 *Author": "George B. Shaw*",
      "🎁 *Quotes": "Hidup bukanlah tentang menemukan dirimu sendiri. Hidup adalah tentang menciptakan dirimu sendiri*."
    },
    {
      "👑 *Author": "George III*",
      "🎁 *Quotes": "Saya lebih baik kehilangan mahkota daripada melakukan tindakan yang menurut saya memalukan*."
    },
    {
      "👑 *Author": "George Santayana*",
      "🎁 *Quotes": "Tidak ada obat untuk kelahiran dan kematian, kecuali menikmati yang ada di antara keduanya*."
    },
    {
      "👑 *Author": "George W.*",
      "🎁 *Quotes": "Harapan tak pernah meninggalkan kita, kita yang meninggalkan harapan*."
    },
    {
      "👑 *Author": "Gilbert Chesterton*",
      "🎁 *Quotes": "Agar bisa menjadi cukup cerdas untuk meraih semua uang yang diinginkan, kita harus cukup bodoh untuk menginginkannya*."
    },
    {
      "👑 *Author": "Gothe*",
      "🎁 *Quotes": "Semua pengetahuan yang kumiliki bisa orang lain peroleh, tapi hatiku hanyalah untuk diriku sendiri*."
    },
    {
      "👑 *Author": "H. N. Spieghel*",
      "🎁 *Quotes": "Betapapun tingginya burung terbang, toh dia harus mencari dan mendapatkan makanannya di bumi juga*."
    },
    {
      "👑 *Author": "H.L Hunt*",
      "🎁 *Quotes": "Tetapkan apa yang Anda inginkan. Putuskan Anda ingin menukarnya dengan apa. Tentukan prioritas dan laksanakan*."
    },
    {
      "👑 *Author": "Hal Borland*",
      "🎁 *Quotes": "Melihat pohon, saya jadi mengerti tentang kesabaran. Memandang rumput, saya jadi menghargai ketekunan*."
    },
    {
      "👑 *Author": "Hamka*",
      "🎁 *Quotes": "Kecantikan yang abadi terletak pada keelokan adab dan ketinggian ilmu seseorang, bukan terletak pada wajah dan pakaiannya*."
    },
    {
      "👑 *Author": "Hamka*",
      "🎁 *Quotes": "Kita harus yakin bahwa apa yang ditentukan oleh Tuhan untuk kita, itulah yang terbaik*."
    },
    {
      "👑 *Author": "Hamka*",
      "🎁 *Quotes": "Berani menegakkan keadilan, walaupun mengenai diri sendiri, adalah puncak segala keberanian*."
    },
    {
      "👑 *Author": "Hamka*",
      "🎁 *Quotes": "Hawa nafsu membawa kesesatan dan tidak berpedoman. Sementara akal menjadi pedoman menuju keutamaan. Hawa nafsu menyuruhmu berangan-angan, tetapi akal menyuruhmu menimbang*."
    },
    {
      "👑 *Author": "Harriet Braiker*",
      "🎁 *Quotes": "Berusaha berhasil untuk memotivasi dirimu, tapi berusaha untuk selalu sempurna akan membuat tertekan*."
    },
    {
      "👑 *Author": "Helen Keller*",
      "🎁 *Quotes": "Kita tidak akan belajar berani dan sabar jika di dunia ini hanya ada kegembiraan*."
    },
    {
      "👑 *Author": "Henri Ford*",
      "🎁 *Quotes": "Kegagalan hanyalah kesempatan untuk memulai lagi dengan lebih pandai*."
    },
    {
      "👑 *Author": "Henry David Thoreau*",
      "🎁 *Quotes": "Kebaikan adalah satu-satunya investasi yang tidak akan merugikan*."
    },
    {
      "👑 *Author": "Henry Ford*",
      "🎁 *Quotes": "Idealis adalah orang yang membantu orang lain untuk makmur*."
    },
    {
      "👑 *Author": "Henry Ford*",
      "🎁 *Quotes": "Berpikir itu adalah pekerjaan yang berat di antara segala jenis pekerjaan. Itulah sebabnya sedikit sekali orang yang senang melakukannya*."
    },
    {
      "👑 *Author": "Henry Ford*",
      "🎁 *Quotes": "Persaingan yang tujuannya hanya untuk bersaing, untuk mengalahkan orang lain, tak pernah mendatangkan banyak manfaat*."
    },
    {
      "👑 *Author": "Henry Longfellow*",
      "🎁 *Quotes": "Kehidupan orang-orang besar mengingatkan kita bahwa kita bisa membuat kehidupan kita luhur*."
    },
    {
      "👑 *Author": "Henry Thoreau*",
      "🎁 *Quotes": "Hidupku menjadi hiburanku dan tak hentinya memberikan kejutan. Hidupku bagaikan drama dengan begitu banyak babak tanpa adegan penutup*."
    },
    {
      "👑 *Author": "Hubert Humprey*",
      "🎁 *Quotes": "Apa yang Anda lihat adalah apa yang Anda capai*."
    },
    {
      "👑 *Author": "Imam Al-Ghazali*",
      "🎁 *Quotes": "Kebahagiaan terletak pada kemenangan memerangi hawa nafsu dan menahan keinginan yang berlebih-lebihan*."
    },
    {
      "👑 *Author": "Imam Ghazali*",
      "🎁 *Quotes": "Caci maki dari seorang penjahat merupakan kehormatan bagi seorang yang jujur*."
    },
    {
      "👑 *Author": "J.C.F von Schiller*",
      "🎁 *Quotes": "Orang yang terlalu banyak merenung akan meraih sedikit*."
    },
    {
      "👑 *Author": "Jack Hyles*",
      "🎁 *Quotes": "Jangan gunakan orang-orang untuk membangun pekerjaan besar, gunakan pekerjaan Anda untuk membangun orang-orang besar*."
    },
    {
      "👑 *Author": "Jackson Brown*",
      "🎁 *Quotes": "Kesalahaan terbesar yang mungkin Anda buat adalah mempercayai bahwa Anda bekerja untuk orang lain*."
    },
    {
      "👑 *Author": "Jacques Audiberti*",
      "🎁 *Quotes": "Kepengecutan yang paling besar adalah ketika kita membuktikan kekuatan kita kepada kelemanan orang lain*."
    },
    {
      "👑 *Author": "James Thurber*",
      "🎁 *Quotes": "Jangan lihat masa lalu dengan penyesalan, jangan pula lihat masa depan dengan ketakutan, tapi lihatlah sekitar Anda dengan penuh kesadaran*."
    },
    {
      "👑 *Author": "Janet Erskine*",
      "🎁 *Quotes": "Jangan menunggu keadaan yang ideal. Jangan juga menunggu peluang-peluang terbaik. Keduanya tak akan pernah datang*."
    },
    {
      "👑 *Author": "Jeff Goins*",
      "🎁 *Quotes": "Kebanyakan orang sukses yang saya kenal bukan orang yang sibuk, mereka orang yang focus*."
    },
    {
      "👑 *Author": "Jerry West*",
      "🎁 *Quotes": "Anda tidak dapat melakukan banyak hal di hidup Anda, jika Anda hanya bekerja di hari-hari yang Anda rasakan baik*."
    },
    {
      "👑 *Author": "Jim Rohn*",
      "🎁 *Quotes": "Tembok yang kita bangun untuk menghambat kesedihan, juga membuat kita tertutup dari kebahagiaan*."
    },
    {
      "👑 *Author": "Jim Rohn*",
      "🎁 *Quotes": "Jika Anda tidak merancang hidup Anda sendiri, kemungkinan Anda akan menjalani rencana orang lain. Apa yang mereka rencanakan untuk Anda? Tidak banyak*."
    },
    {
      "👑 *Author": "Jim Ryan*",
      "🎁 *Quotes": "Motivasi adalah sesuatu yang membuat Anda memulai. Kebiasaan adalah sesuatu yang membuat Anda melanjutkan*."
    },
    {
      "👑 *Author": "Jimi Hendrix*",
      "🎁 *Quotes": "Ketika kekuatan akan cinta melebihi kecintaan akan kekuasaan, maka dunia pun menemukan kedamaian*."
    },
    {
      "👑 *Author": "Jimmy Dean*",
      "🎁 *Quotes": "Aku tak bisa merubah arah angin, tapi aku bisa menyesuaikan layarku untuk tetap bisa mencapai tujuanku*."
    },
    {
      "👑 *Author": "Joan Baez*",
      "🎁 *Quotes": "Kita tak bisa memilih bagaimana kita meninggal atau kapan. Kita hanya bisa memutuskan bagaimana kita hidup. Sekarang*."
    },
    {
      "👑 *Author": "John B. Gough*",
      "🎁 *Quotes": "Jika Anda ingin sukses, Anda harus menciptakan peluang untuk diri sendiri*."
    },
    {
      "👑 *Author": "John C. Maxwell*",
      "🎁 *Quotes": "Bekerja keras sekarang, merasakan hasilnya nanti; bermalas-malasan sekarang, merasakan akibatnya nanti*."
    },
    {
      "👑 *Author": "John C. Maxwell*",
      "🎁 *Quotes": "Untuk menangani diri Anda sendiri, gunakan kepala Anda. Untuk menangani orang lain, gunakan hati Anda*."
    },
    {
      "👑 *Author": "John C. Maxwell*",
      "🎁 *Quotes": "Bekerja keras sekarang, merasakannya nanti. Bermalas-malas sekarang, merasakan akibatnya nanti*."
    },
    {
      "👑 *Author": "John Craig*",
      "🎁 *Quotes": "Tidak peduli seberapa banyak yang dapat Anda lakukan, tidak peduli seberapa menarik hati kepribadian Anda, Anda tidak dapat melangkah jauh jika Anda tidak dapat bekerja bersama orang lain*."
    },
    {
      "👑 *Author": "John D. Rockefeller*",
      "🎁 *Quotes": "Orang termiskin adalah orang yang tidak mempunyai apa-apa kecuali uang*."
    },
    {
      "👑 *Author": "John Gardne*",
      "🎁 *Quotes": "Jika kita melayani, maka hidup akan lebih berarti*."
    },
    {
      "👑 *Author": "John Gray*",
      "🎁 *Quotes": "Sebenarnya semua kesulitan merupakan kesempatan bagi jiwa yang tumbuh*."
    },
    {
      "👑 *Author": "John Manson*",
      "🎁 *Quotes": "Anda dilahirkan orisinal, jadi tidak perlu setengah mati meniru orang lain*."
    },
    {
      "👑 *Author": "John Maxwell*",
      "🎁 *Quotes": "Seberapa jauh Anda gagal, tidak masalah, tetapi yang penting seberapa sering Anda bangkit kembali*."
    },
    {
      "👑 *Author": "John Q. Adams*",
      "🎁 *Quotes": "Jika tindakan-tindakan Anda mengilhami orang lain untuk bermimpi lebih, belajar lebih, bekerja lebih, dan menjadi lebih baik, Anda adalah seorang pemimpin*."
    },
    {
      "👑 *Author": "John Ruskin*",
      "🎁 *Quotes": "Saya yakin, ujian pertama bagi orang besar ialah kerendahan hati*."
    },
    {
      "👑 *Author": "John Ruskin*",
      "🎁 *Quotes": "Penghargaan tertinggi untuk kerja keras seseorang bukanlah apa yang ia hasilkan, tapi bagaimana ia berkembang karenanya*."
    },
    {
      "👑 *Author": "John Ruskin*",
      "🎁 *Quotes": "Penghargaan tertinggi untuk kerja keras seseorang bukanlah apa yang ia hasilkan, tetapi bagaimana ia berkembang karenanya*."
    },
    {
      "👑 *Author": "John Wolfgang*",
      "🎁 *Quotes": "Perbuatan-perbuatan salah adalah biasa bagi manusia, tetapi perbuatan pura-pura itulah sebenarnya yang menimbulkan permusuhan dan pengkhianatan*."
    },
    {
      "👑 *Author": "Joseph Addison*",
      "🎁 *Quotes": "Rahmat sering datang kepada kita dalam bentuk kesakitan, kehilangan dan kekecewaan; tetapi kalau kita sabar, kita segera akan melihat bentuk aslinya*."
    },
    {
      "👑 *Author": "Julia Roberts*",
      "🎁 *Quotes": "Cinta sejati tidak datang kepadamu, tetapi harus datang dari dalam dirimu*."
    },
    {
      "👑 *Author": "Junius*",
      "🎁 *Quotes": "Integritas seseorang diukur dengan tingkah lakunya bukan profesinya*."
    },
    {
      "👑 *Author": "Kahlil Gibran*",
      "🎁 *Quotes": "Kita berdoa kalau kesusahan dan membutuhkan sesuatu, mestinya kita juga berdoa dalam kegembiraan besar dan saat rezeki melimpah*."
    },
    {
      "👑 *Author": "Kahlil Gibran*",
      "🎁 *Quotes": "Untuk memahami hati dan pikiran seseorang, jangan lihat apa yang sudah dia capai, tapi lihat apa yang dia cita-citakan*."
    },
    {
      "👑 *Author": "Keri Russel*",
      "🎁 *Quotes": "Kadang kala, justru keputusan kecil yang akan mampu merubah hidup kita selamanya*."
    },
    {
      "👑 *Author": "Knute Rockne*",
      "🎁 *Quotes": "Apabila perjalanan menjadi sulit, orang ulet akan berjalan terus*."
    },
    {
      "👑 *Author": "Kong Hu Cu*",
      "🎁 *Quotes": "Orang yang berbudi tinggi selalu berpedoman pada keadilan dan selalu berusaha menjalankan kewajiban*."
    },
    {
      "👑 *Author": "Konrad Adenauer*",
      "🎁 *Quotes": "Kita semua hidup di bawah langit yang sama, tetapi tidak semua orang punya cakrawala yang sama*."
    },
    {
      "👑 *Author": "Kung Fu-Tze*",
      "🎁 *Quotes": "Ia yang bijak akan merasa malu, jika kata-katanya lebih baik daripada tindakannya*."
    },
    {
      "👑 *Author": "Lao Tzu*",
      "🎁 *Quotes": "Saat sadar bahwa kau tidak kekurangan suatu apa pun, seisi dunia menjadi milikku*."
    },
    {
      "👑 *Author": "Lao Tzu*",
      "🎁 *Quotes": "Saat sadar bahwa kau tidak kekurangan suatu apa pun, seisi dunia menjadi milikmu*."
    },
    {
      "👑 *Author": "Les Brown*",
      "🎁 *Quotes": "Terima tanggung jawab untuk diri Anda sendiri. Sadari bahwa hanya Anda sendiri, bukan orang lain, yang bisa membuat Anda pergi ke tempat yang Anda inginkan*."
    },
    {
      "👑 *Author": "Louis Gittner*",
      "🎁 *Quotes": "Meski yang kita hadapi adalah jalan buntu, namun cinta akan membangun jalan layang di atasnya*."
    },
    {
      "👑 *Author": "Louis Pasteur*",
      "🎁 *Quotes": "Tahukah Anda rahasia sukses saya dalam mencapai tujuan? Cuma keuletan, tak lebih dan tak kurang*."
    },
    {
      "👑 *Author": "Mahatma Gandhi*",
      "🎁 *Quotes": "Kepuasan terletak pada usaha, bukan pada hasil. Berusaha dengan keras adalah kemenangan yang hakiki*."
    },
    {
      "👑 *Author": "Marcel Ayme*",
      "🎁 *Quotes": "Kerendahan hati merupakan ruang tunggu bagi kesempurnaan*."
    },
    {
      "👑 *Author": "Maria Sharapova*",
      "🎁 *Quotes": "Saya belajar banyak dari kekalahan. Dan kekalahan-kekalahan itu, membuat saya semakin tabah*."
    },
    {
      "👑 *Author": "Mark Cuban*",
      "🎁 *Quotes": "Buatlah usaha Anda berhasil dengan satu-satunya cara: kerja keras!*."
    },
    {
      "👑 *Author": "Mark Twain*",
      "🎁 *Quotes": "Kebaikan adalah bahasa yang dapat didengar si tuli dan bisa dilihat si buta*."
    },
    {
      "👑 *Author": "Marsha Sinetar*",
      "🎁 *Quotes": "Lakukan apa yang Anda senangi, uang akan mengikuti*."
    },
    {
      "👑 *Author": "Martin Luther King*",
      "🎁 *Quotes": "Tak ada waktu yang tidak tepat untuk melakukan sesuatu yang benar*."
    },
    {
      "👑 *Author": "Mary McCarthy*",
      "🎁 *Quotes": "Kendatipun Anda berada di jalur yang tepat, Anda akan tetap terkejar jika hanya duduk-duduk saja disana*."
    },
    {
      "👑 *Author": "Maxim Gorky*",
      "🎁 *Quotes": "Kebahagiaan selalu tampak kecil saat berada dalam genggaman. Tapi coba lepaskan dan Anda akan langsung tahu, betapa besar dan berhargannya kebahagiaan*."
    },
    {
      "👑 *Author": "Mery Hemingway*",
      "🎁 *Quotes": "Latih diri Anda untuk tidak khawatir. Kekhawatiran tak pernah memperbaiki apa-apa*."
    },
    {
      "👑 *Author": "Michael Drury*",
      "🎁 *Quotes": "Kematangan bukanlah suatu keadaan yang dicapai dengan usia. Dia merupakan perkembangan dari cinta, belajar, membaca dan berpikir hingga menghasilkan kemampuan*."
    },
    {
      "👑 *Author": "Michael Pritchard*",
      "🎁 *Quotes": "Anda berhenti tertawa bukan karena bertambah tua. Sebaliknya Anda bertambah tua justru karena berhenti tertawa*."
    },
    {
      "👑 *Author": "Miguel de Cervantes*",
      "🎁 *Quotes": "Pepatah adalah kalimat singkat berdasarkan pengalaman panjang*."
    },
    {
      "👑 *Author": "Miguel de Unamuno*",
      "🎁 *Quotes": "Tidak dicintai orang lain memang menyedihkan, tapi lebih menyedihkan lagi kalau tidak bisa mencintai orang lain*."
    },
    {
      "👑 *Author": "N. H. Casson*",
      "🎁 *Quotes": "Kemiskinan jiwa lebih mengerikan daripada kemiskinan jasmani atau materi*."
    },
    {
      "👑 *Author": "Natalie Portman*",
      "🎁 *Quotes": "Anda belum bisa dibilang kaya sampai Anda memiliki sesuatu yang tidak dapat dibeli uang*."
    },
    {
      "👑 *Author": "Nelson Mandela*",
      "🎁 *Quotes": "Pendidikan adalah senjata paling ampuh dimana kau dapat menggunakannya untuk merubah dunia*."
    },
    {
      "👑 *Author": "Norman Peale*",
      "🎁 *Quotes": "Campakanlah jauh-jauh pikiran murung dan kesal itu, lalu bangkitkanlah*."
    },
    {
      "👑 *Author": "Nunse*",
      "🎁 *Quotes": "Bukanlah yang kuat, tetapi yang uletlah yang menjadikan mereka manusia yang besar*."
    },
    {
      "👑 *Author": "O. S. Marden*",
      "🎁 *Quotes": "Kemajuan adalah hasil dari memusatkan seluruh kekuatan jiwa dan pikiran pada cita-cita yang dituju*."
    },
    {
      "👑 *Author": "Oliver W. Holmes*",
      "🎁 *Quotes": "Semakin lama kita hidup, semakin kita menemukan bahwa kita mirip dengan orang lain*."
    },
    {
      "👑 *Author": "Oprah Winfrey*",
      "🎁 *Quotes": "Melakukan yang terbaik pada saat ini akan menempatkan Anda ke tempat terbaik pada saat berikutnya*."
    },
    {
      "👑 *Author": "Oscar Wilde*",
      "🎁 *Quotes": "Jika seseorang menyatakan kebenaran, dia yakin; cepat atau lambat; akan mendapatkannya*."
    },
    {
      "👑 *Author": "Pablo Picasso*",
      "🎁 *Quotes": "Bila semangat Anda menurun, lakukanlah sesuatu. Kalau Anda telah melakukan sesuatu keadaan tidak berubah, lakukanlah sesuatu yang berbeda*."
    },
    {
      "👑 *Author": "Paul Galvin*",
      "🎁 *Quotes": "Jangan takut dengan kesalahan. Kebijaksanaan biasanya lahir dari kesalahan*."
    },
    {
      "👑 *Author": "Paul Harvey*",
      "🎁 *Quotes": "Saya tidak pernah melihat suatu monumen didirikan bagi orang pesimis*."
    },
    {
      "👑 *Author": "Pepatah Cina*",
      "🎁 *Quotes": "Beranilah menyadari kesalahan dan mulai lagi*."
    },
    {
      "👑 *Author": "Pepatah Cina*",
      "🎁 *Quotes": "Benar jadi berani*."
    },
    {
      "👑 *Author": "Pepatah Cina*",
      "🎁 *Quotes": "Orang yang bertanya, bodoh dalam 5 menit. Dan orang yang tidak bertanya akan tetap bodoh untuk selamanya*."
    },
    {
      "👑 *Author": "Pepatah Cina*",
      "🎁 *Quotes": "Bila saya mendengar, saya akan lupa. Setelah melihat saya bisa mengerti. Dan setelah mengerjakan, barulah saya bisa memahami*."
    },
    {
      "👑 *Author": "Pepatah Cina*",
      "🎁 *Quotes": "Orang yang tersenyum selalu lebih kuat dari orang yang marah*."
    },
    {
      "👑 *Author": "Pepatah Cina*",
      "🎁 *Quotes": "Orang yang memindahkan gunung memulai dengan memindahkan batu-batu kecil*."
    },
    {
      "👑 *Author": "Pepatah Inggris*",
      "🎁 *Quotes": "Orang yang mencari masalah akan selalu mendapatkannya*."
    },
    {
      "👑 *Author": "Pepatah Inggriss*",
      "🎁 *Quotes": "Keterampilan dan keyakinan merupakan pasukan bersenjata yang tidak dapat dikalahkan*."
    },
    {
      "👑 *Author": "Pepatah Jepang*",
      "🎁 *Quotes": "Sebatang anak panah mudah dipatahkan, tetapi tidak demikian dengan sepuluh anak panah yang disatukan*."
    },
    {
      "👑 *Author": "Pepatah Jepang*",
      "🎁 *Quotes": "Visi tanpa aksi adalah mimpi di siang bolong. Aksi tanpa visi adalah mimpi buruk*."
    },
    {
      "👑 *Author": "Pepatah Jerman*",
      "🎁 *Quotes": "Orang yang tak pernah mencicipi pahit tak akan tahu apa itu manis*."
    },
    {
      "👑 *Author": "Pepatah Latin*",
      "🎁 *Quotes": "Dengan belajar Anda bisa mengajar. Dengan mengajar, Anda belajar*."
    },
    {
      "👑 *Author": "Pepatah Persia*",
      "🎁 *Quotes": "Saya menangis karena tak punya sepatu, sampai saya melihat orang tak punya kaki*."
    },
    {
      "👑 *Author": "Pepatah Roma*",
      "🎁 *Quotes": "Kesengsaraan menghasilkan ketekunan. Ketekunan menghasilkan watak, dan watak menghasilkan harapan*."
    },
    {
      "👑 *Author": "Pepatah Skotlandia*",
      "🎁 *Quotes": "Bila kemauan siap, kaki menjadi ringan*."
    },
    {
      "👑 *Author": "Pepatah Spanyol*",
      "🎁 *Quotes": "Mengenal diri sendiri adalah awal dari perbaikan diri*."
    },
    {
      "👑 *Author": "Pepatah Tibet*",
      "🎁 *Quotes": "Jangan meremehkan raja yang picik, seperti halnya jangan meremehkan sungai yang kecil*."
    },
    {
      "👑 *Author": "Pepatah Tibet*",
      "🎁 *Quotes": "Apabila seseorang mengajarkan sesuatu, dia sendiri harus melaksanakan ajaran itu*."
    },
    {
      "👑 *Author": "Peter Sinclair*",
      "🎁 *Quotes": "Kehidupan yang hebat adalah kulminasi dari pemikiran-pemikiran hebat disertai dengan tindakan-tindakan hebat*."
    },
    {
      "👑 *Author": "Phyllis Bottome*",
      "🎁 *Quotes": "Ada dua cara mengatasi kesulitan, Anda mengubah kesulitan-kesulitan atau Anda mengubah diri sendiri untuk mengatasinya*."
    },
    {
      "👑 *Author": "Plato*",
      "🎁 *Quotes": "Orang bijak berbicara karena mereka mempunyai sesuatu untuk dikatakan, orang bodoh berbicara karena mereka ingin mengatakan sesuatu*."
    },
    {
      "👑 *Author": "Plato*",
      "🎁 *Quotes": "Orang bijak berbicara karena ia memiliki sesuatu untuk dikatakan. Orang bodoh berbicara karena ia atau dia harus mengatakan sesuatu*."
    },
    {
      "👑 *Author": "Plato*",
      "🎁 *Quotes": "Berbuat tidak adil lebih memalukan daripada menderita ketidakadilan*."
    },
    {
      "👑 *Author": "Plato*",
      "🎁 *Quotes": "Siapa yang tidak bisa memimpin dirinya sendiri, tidak akan bisa memimpin orang*."
    },
    {
      "👑 *Author": "Plautus*",
      "🎁 *Quotes": "Kesabaran adalah obat terbaik untuk semua masalah*."
    },
    {
      "👑 *Author": "Plautus*",
      "🎁 *Quotes": "Jauh lebih mudah memulai secara baik daripada mengakhiri secara baik*."
    },
    {
      "👑 *Author": "Pliny The Elder*",
      "🎁 *Quotes": "Harapan adalah tiang yang menyangga dunia*."
    },
    {
      "👑 *Author": "R. A. Kartini*",
      "🎁 *Quotes": "Kemenangan gemilang tidak diperoleh dari medan pertempuran saja, tetapi sering diperoleh dari hati*."
    },
    {
      "👑 *Author": "R. Browning*",
      "🎁 *Quotes": "kita jatuh untuk bangun, berhenti untuk berjalan, dan tidur untuk bangun*."
    },
    {
      "👑 *Author": "R. W. Shephred*",
      "🎁 *Quotes": "Kamu harus menghadapi depresi, sama seperti kamu menghadapi seekor harimau*."
    },
    {
      "👑 *Author": "R.H. Grant*",
      "🎁 *Quotes": "Jika Anda mempekerjakan orang-orang yang lebih pintar dari Anda, Anda membuktikan Anda lebih pintar dari mereka*."
    },
    {
      "👑 *Author": "Rabbi Schachtel*",
      "🎁 *Quotes": "Kebahagiaan bukanlah memiliki apa yang kita inginkan, melainkan menginginkan apa yang kita miliki*."
    },
    {
      "👑 *Author": "Ralph W. Emerson*",
      "🎁 *Quotes": "Satu ons aksi jauh lebih berharga daripada satu ton teori*."
    },
    {
      "👑 *Author": "Ralph W. Emerson*",
      "🎁 *Quotes": "Seseorang itu sukses besar jika dia sadar, kegagalan-kegagalannya adalah persiapan untuk kemenangan-kemenangannya*."
    },
    {
      "👑 *Author": "Ralph Waldo Emerson*",
      "🎁 *Quotes": "Kedamaian tidak terdapat di dunia luar, melainkan terdapat dalam jiwa manusia itu sendiri*."
    },
    {
      "👑 *Author": "Ralph Waldo Emerson*",
      "🎁 *Quotes": "Percayalah kepada orang lain, dan mereka akan tulus kepada Anda. Perlakukan mereka seperti orang besar dan mereka akan memperlihatkan dirinya sebagai orang besar*."
    },
    {
      "👑 *Author": "Rene Descartes*",
      "🎁 *Quotes": "Tidak cukup hanya punya otak yang baik. Yang penting adalah menggunakannya secara baik*."
    },
    {
      "👑 *Author": "Richard Bach*",
      "🎁 *Quotes": "Tanyakan pada diri sendiri rahasia sukses. Dengarkan jawaban Anda, dan lakukan*."
    },
    {
      "👑 *Author": "Richard C. Miller*",
      "🎁 *Quotes": "Jika rumput tetangga lebih hijau, bersyukurlah Anda masih bisa berpijak di tanah untuk melihatnya*."
    },
    {
      "👑 *Author": "Robert Collier*",
      "🎁 *Quotes": "Kesempatan Anda untuk sukses di setiap kondisi selalu dapat diukur oleh seberapa besar kepercayaan Anda pada diri sendiri*."
    },
    {
      "👑 *Author": "Robert F. Kennedy*",
      "🎁 *Quotes": "Kemajuan merupakan kata-kata merdu, tetapi perubahanlah penggerakknya dan perubahan mempunyai banyak musuh*."
    },
    {
      "👑 *Author": "Robert Frost*",
      "🎁 *Quotes": "Dua jalan dipisahkan pohon, dan saya mengambil jalan yang jarang ditempuh orang. Dan itulah yang membuat perubahan*."
    },
    {
      "👑 *Author": "Robert Frost*",
      "🎁 *Quotes": "Alasan mengapa kecemasan membunuh lebih banyak orang dibanding kerja adalah, lebih banyak orang cemas dibanding bekerja*."
    },
    {
      "👑 *Author": "Robert G. Ingersoll*",
      "🎁 *Quotes": "Sedikit orang kaya yang memiliki harta. Kebanyakan harta yang memiliki mereka*."
    },
    {
      "👑 *Author": "Robert Half*",
      "🎁 *Quotes": "Ketekunan bisa membuat yang tidak mungkin jadi mungkin, membuat kemungkinan jadi kemungkinan besar, dan kemungkinan besar menjadi pasti*."
    },
    {
      "👑 *Author": "Robert S. Lynd*",
      "🎁 *Quotes": "Hanya ikan yang bodoh yang bisa dua kali kena pancing dengan umpan yang sama*."
    },
    {
      "👑 *Author": "Robert Von Hartman*",
      "🎁 *Quotes": "Ambisi seperti air laut, semakin banyak orang meminumnya semakin orang menjadi haus*."
    },
    {
      "👑 *Author": "Robinsori*",
      "🎁 *Quotes": "Cemas dan ketakutan adalah akibat kebodohan dan keraguan*."
    },
    {
      "👑 *Author": "Romand Rolland*",
      "🎁 *Quotes": "Pahlawan adalah seseorang yang melakukan apa yang mampu dia lakukan*."
    },
    {
      "👑 *Author": "Roosevelt*",
      "🎁 *Quotes": "Jika Anda ingin menjadi orang besar, janganlah suka beromong besar, kerjakanlah hal-hal yang kecil dahulu*."
    },
    {
      "👑 *Author": "Ross Cooper*",
      "🎁 *Quotes": "Satu-satunya cara untuk mengubah hidup kita adalah dengan mengubah pikiran kita*."
    },
    {
      "👑 *Author": "Ruth P. Freedman*",
      "🎁 *Quotes": "Perubahan terjadi ketika seseorang menjadi dirinya sendiri, bukan ketika ia mencoba menjadi orang lain*."
    },
    {
      "👑 *Author": "Salanter Lipkin*",
      "🎁 *Quotes": "Perbaiki diri Anda, tetapi jangan jatuhkan orang lain*."
    },
    {
      "👑 *Author": "Samuel Smiles*",
      "🎁 *Quotes": "Cara tercepat untuk menuntaskan banyak hal adalah dengan menyelesaikannya satu demi satu*."
    },
    {
      "👑 *Author": "Satya Sai Baba*",
      "🎁 *Quotes": "Dua hal yang harus dilupakan, kebaikan yang telah kita lakukan kepada orang lain dan kesalahan orang lain kepada kita*."
    },
    {
      "👑 *Author": "Scott Fitzgerald*",
      "🎁 *Quotes": "Ingatlah, jika Anda menutup mulut sebenarnya Anda telah melakukan pilihan*."
    },
    {
      "👑 *Author": "Seneca*",
      "🎁 *Quotes": "Hati manusia tidak akan pernah tenteram sebelum berdamai dengan diri sendiri*."
    },
    {
      "👑 *Author": "Seneca*",
      "🎁 *Quotes": "Hidup berarti berjuang. Hidup nikmat tanpa badai topan adalah laksana laut yang mati*."
    },
    {
      "👑 *Author": "Shackespeare*",
      "🎁 *Quotes": "Kesedihan hanya bisa ditanggulangi oleh orang yang mengalaminya sendiri*."
    },
    {
      "👑 *Author": "Shirley Briggs*",
      "🎁 *Quotes": "Beranikan diri untuk menjadi dirimu sendiri, karena kita bisa melakukan hal itu lebih baik daripada orang lain*."
    },
    {
      "👑 *Author": "Soe Hok Gie*",
      "🎁 *Quotes": "Lebih baik diasingkan daripada menyerah kepada kemunafikan*."
    },
    {
      "👑 *Author": "Soemantri Metodipuro*",
      "🎁 *Quotes": "Langkah pertama untuk memilih keyakinan pada diri sendiri adalah mengenal diri kita sendiri*."
    },
    {
      "👑 *Author": "Sophocles*",
      "🎁 *Quotes": "Bila seseorang kehilangan segala sumber kebahagiaan, dia tidak lagi hidup, tapi mayat yang bernafas*."
    },
    {
      "👑 *Author": "St. Jerome*",
      "🎁 *Quotes": "Baik, lebih baik, terbaik. Jangan pernah berhenti sampai baik menjadi lebih baik, dan lebih baik menjadi terbaik*."
    },
    {
      "👑 *Author": "Stephen R. Covey*",
      "🎁 *Quotes": "Motivasi adalah api dari dalam. Jika orang lain mencoba menyalakannya untuk Anda, kemungkinan apinya hanya menyala sebentar*."
    },
    {
      "👑 *Author": "Steve Jobs*",
      "🎁 *Quotes": "Saya bangga, baik pada hal yang tidak kami lakukan maupun pada hal yang kami lakukan*."
    },
    {
      "👑 *Author": "Sujiwo Tejo*",
      "🎁 *Quotes": "Cinta tak perlu pengorbanan. Pada saat kau merasa berkorban, pada saat itu cintamu mulai pudar*."
    },
    {
      "👑 *Author": "Sydney Harris*",
      "🎁 *Quotes": "Ancaman nyata sebenarnya bukan pada saat komputer mulai bisa berpikir seperti manusia, tetapi ketika manusia mulai berpikir seperti komputer*."
    },
    {
      "👑 *Author": "Theodore Rosevelt*",
      "🎁 *Quotes": "Lakukan apa yang dapat Anda lakukan dengan apa yang Anda miliki dan tempat Anda berada*."
    },
    {
      "👑 *Author": "Thomas Alva Edison*",
      "🎁 *Quotes": "Banyak kegagalan dalam ini dikarenakan orang-orang tidak menyadari betapa dekatnya mereka dengan keberhasilan saat mereka menyerah*."
    },
    {
      "👑 *Author": "Thomas Carlyle*",
      "🎁 *Quotes": "Pergilah sejauh mungkin yang bisa Anda lihat dan Anda akan bisa melihat lebih jauh*."
    },
    {
      "👑 *Author": "Thomas Fuller*",
      "🎁 *Quotes": "Orang yang tidak bisa memaafkan orang lain sama saja dengan orang yang memutuskan jembatan yang harus dilaluinya, karena semua orang perlu dimaafkan*."
    },
    {
      "👑 *Author": "Thomas Fuller*",
      "🎁 *Quotes": "Menyaksikan adalah mempercayai, tapi merasakan adalah kebenaran*."
    },
    {
      "👑 *Author": "Thomas Jefferson*",
      "🎁 *Quotes": "Dalam hal prinsip, usahakan kukuh seperti batu karang. Dalam hal selera, coba berenang mengikuti arus*."
    },
    {
      "👑 *Author": "Tung Desem Waringin*",
      "🎁 *Quotes": "Setiap badai pasti berlalu dan saya akan tumbuh semakin kuat*."
    },
    {
      "👑 *Author": "Tyler Durden*",
      "🎁 *Quotes": "Setelah kehilangan segalanya, barulah kita bebas melakukan apa saja*."
    },
    {
      "👑 *Author": "Umar bin Khattab*",
      "🎁 *Quotes": "Raihlah ilmu dan untuk meraih ilmu belajarlah untuk tenang dan sabar*."
    },
    {
      "👑 *Author": "Vicosta Efran*",
      "🎁 *Quotes": "Hiduplah seperti lilin yang menerangi orang lain. Jangan hidup seperti duri yang mencucuk diri dan menyakiti orang lain*."
    },
    {
      "👑 *Author": "Victor Hugo*",
      "🎁 *Quotes": "Kesedihan adalah buah. Tuhan tak pernah membiarkannya tumbuh dicabang yang terlalu lemah untuk menanggungnya*."
    },
    {
      "👑 *Author": "Victor Hugo*",
      "🎁 *Quotes": "Kebahagian tertinggi dalam kehidupan adalah kepastian bahwa Anda dicintai apa adanya, atau lebih tepatnya dicintai walaupun Anda seperti diri Anda adanya*."
    },
    {
      "👑 *Author": "Victor Hugo*",
      "🎁 *Quotes": "Masalahnya bukan kurangnya tenaga, tetapi kurangnya daya kemauan*."
    },
    {
      "👑 *Author": "Vince Lambardi*",
      "🎁 *Quotes": "Kemenangan bukanlah segala-galanya, tetapi perjuangan untuk menang adalah segala-galanya*."
    },
    {
      "👑 *Author": "Virginia Wolf*",
      "🎁 *Quotes": "Jika Anda tak bisa mengatakan hal yang benar dari diri Anda, maka Anda pun tak bisa mengatakan hal yang benar dari orang lain*."
    },
    {
      "👑 *Author": "W. Camden*",
      "🎁 *Quotes": "Burung yang terbang pagi akan memperoleh cacing paling banyak*."
    },
    {
      "👑 *Author": "Walt Disney*",
      "🎁 *Quotes": "Cara untuk memulai adalah berhenti berbicara dan mulai lakukan sesuatu*."
    },
    {
      "👑 *Author": "Walter Cronkite*",
      "🎁 *Quotes": "Sukses akan lebih permanen jika Anda meraihnya tanpa menghancurkan prinsip-prinsip Anda*."
    },
    {
      "👑 *Author": "Warren Buffett*",
      "🎁 *Quotes": "Dari dulu saya selalu yakin saya akan kaya. Saya kira saya tak pernah meragukannya, satu menit pun*."
    },
    {
      "👑 *Author": "Whitney Young*",
      "🎁 *Quotes": "Lebih baik menyiapkan diri untuk sebuah peluang dan tidak mendapatkannya daripada punya peluang dan tidak menyiapkan diri*."
    },
    {
      "👑 *Author": "William A. W.*",
      "🎁 *Quotes": "Satu-satunya yang bisa menghalangi kita adalah keyakinan yang salah dan sikap yang negatif*."
    },
    {
      "👑 *Author": "William Allen White*",
      "🎁 *Quotes": "Saya tidak takut pada hari esok karena saya sudah melihat hari kemarin dan saya mencintai hari ini*."
    },
    {
      "👑 *Author": "William Arthur*",
      "🎁 *Quotes": "Guru yang biasa-biasa, berbicara. Guru yang bagus, menerangkan. Guru yang hebat, mendemonstrasikan. Guru yang agung, memberi inspirasi*."
    },
    {
      "👑 *Author": "William F. Halsey*",
      "🎁 *Quotes": "Semua masalah menjadi lebih kecil jika Anda tidak mengelaknya, tapi menghadapinya*."
    },
    {
      "👑 *Author": "William J. Johnston*",
      "🎁 *Quotes": "Perubahan yang paling bermakna dalam hidup adalah perubahan sikap. Sikap yang benar akan menghasilkan tindakan yang benar*."
    },
    {
      "👑 *Author": "William James*",
      "🎁 *Quotes": "Jika Anda harus membuat pilihan dan Anda tidak melakukannya, itu saja sudah pilihan*."
    },
    {
      "👑 *Author": "William James*",
      "🎁 *Quotes": "Percaya bahwa hidup itu berharga, dan kepercayaan Anda akan membantu menciptakan hidup yang berharga*."
    },
    {
      "👑 *Author": "William Ralph Inge*",
      "🎁 *Quotes": "Kuatir sama seperti membayar bunga untuk uang yang mungkin tak pernah Anda pinjam*."
    },
    {
      "👑 *Author": "William Shakespeare*",
      "🎁 *Quotes": "Jangan sering menyalakan api kebencian terhadap musuhmu, karena nanti akan membakar dirimu sendiri*."
    },
    {
      "👑 *Author": "William Shakespeare*",
      "🎁 *Quotes": "Bila kamu jujur kepada dirimu sendiri, bagai siang pasti berganti malam, kamu takkan pernah berdusta kepada orang lain*."
    },
    {
      "👑 *Author": "William Shakespeare*",
      "🎁 *Quotes": "Kutu yang berani adalah kutu yang bisa berani mendapatkan sarapannya pada bibir seekor singa*."
    },
    {
      "👑 *Author": "Winston Churchill*",
      "🎁 *Quotes": "Kita menyambung hidup dengan apa yang kita peroleh, tapi kita menghadirkan kehidupkan dengan apa yang kita berikan*."
    },
    {
      "👑 *Author": "Wolfgang von Gothe*",
      "🎁 *Quotes": "Pengetahuan tidaklah cukup, kita harus mengamalkannya. Niat tidak cukup, kita harus melakukannya*."
    },
    {
      "👑 *Author": "Zachary Scott*",
      "🎁 *Quotes": "Ketika Anda bertambah tua, Anda akan menemukan satu-satunya hal yang Anda sesali adalah hal-hal yang tidak Anda lakukan*."
    },
    {
      "👑 *Author": "Zig Zaglar*",
      "🎁 *Quotes": "Batu fondasi untuk sukses yang seimbang adalah kejujuran, watak, integritas, iman, cinta dan kesetiaan*."
    },
    {
      "👑 *Author": "Zig Zaglar*",
      "🎁 *Quotes": "Kebanyakan orang gagal meraih cita-citanya bukan karena mereka tidak mampu, tetapi karena tidak berkomitmen*."
    },
    {
      "👑 *Author": "Zig Zaglar*",
      "🎁 *Quotes": "Kita tidak harus hebat saat memulai, tapi kita harus memulai untuk menjadi hebat*."
    }
  ]