[
  {
    "id": 1546,
    "name": "TIKTOK View S9 [ superfast ] [ Trending + Viral Views]",
    "type": "default",
    "category": "TikTok View",
    "price": 1760,
    "min": 100,
    "max": 100000000,
    "refill": 0,
    "average_time": "Jumlah pesan rata-rata 1.116. Waktu proses rata-rata 9 menit 9 detik.",
    "description": "Layanan ini berbeda dengan view lain\r<br>karena layanan ini bisa membuat trending dan viral video"
  },
  {
    "id": 1896,
    "name": "TIK TOK View S13 [ WORK AFTER UPDATE ] INSTAN",
    "type": "default",
    "category": "TikTok View",
    "price": 18,
    "min": 1000,
    "max": 1000000,
    "refill": 0,
    "average_time": "Jumlah pesan rata-rata 22.046. Waktu proses rata-rata 3 jam 7 menit 50 detik.",
    "description": "<p>Fast <br>min 100</p>"
  },
  {
    "id": 2087,
    "name": "TIKTOK View Server 7  [ supercheap ] [ INSTANT ] BONUS++",
    "type": "default",
    "category": "TikTok View",
    "price": 51,
    "min": 100,
    "max": 300000000,
    "refill": 0,
    "average_time": "Jumlah pesan rata-rata 14.786. Waktu proses rata-rata 34 menit 11 detik.",
    "description": "no refill\r<br>superfast\r<br>order 1000 biasanya bisa dapat 1500-2000 view ( tapi kalo gk ada bonus no kompline )\r<br>jika pesanan lagi banyak, bisa lambat"
  },
  {
    "id": 2267,
    "name": "TIKTOK View Server 9 [ TERMURAH ] [ INSTANT ] [ 5M/Days ]",
    "type": "default",
    "category": "TikTok View",
    "price": 13,
    "min": 100,
    "max": 2147483647,
    "refill": 0,
    "average_time": "Jumlah pesan rata-rata 23.845. Waktu proses rata-rata 18 menit 10 detik.",
    "description": "fast\r\n<br>waktu mulai 0-12 jam"
  },
  {
    "id": 2323,
    "name": "TIKTOK View Server 4 Emergency",
    "type": "default",
    "category": "TikTok View",
    "price": 1521,
    "min": 100,
    "max": 100000000,
    "refill": 0,
    "average_time": "Jumlah pesan rata-rata 3.660. Waktu proses rata-rata 30 menit 7 detik.",
    "description": "waktu mulai 0-12 jam"
  },
  {
    "id": 2375,
    "name": "TIKTOK View Server 8 [ GUARANTED 30D ] [ 1M/Days ]  [ BEST - Speed, Quality]",
    "type": "default",
    "category": "TikTok View",
    "price": 44,
    "min": 100,
    "max": 250000000,
    "refill": 0,
    "average_time": "Jumlah pesan rata-rata 4.930. Waktu proses rata-rata 4 menit 24 detik.",
    "description": "100k-1M/Days\r<br>order kelipatan 100"
  },
  {
    "id": 2674,
    "name": "TIKTOK View Server 16  CHEAPEAST [ Max 50M ]",
    "type": "default",
    "category": "TikTok View",
    "price": 230,
    "min": 100,
    "max": 70000000,
    "refill": 0,
    "average_time": "Jumlah pesan rata-rata 1.910. Waktu proses rata-rata 1 jam 20 menit 2 detik.",
    "description": "CHEAPEAST "
  },
  {
    "id": 2765,
    "name": "TIKTOK View MP2 [ INSTAN ] [ 10M/days ] TERMURAH!",
    "type": "default",
    "category": "TikTok View",
    "price": 20,
    "min": 100,
    "max": 20000000,
    "refill": 0,
    "average_time": "Jumlah pesan rata-rata 6.450. Waktu proses rata-rata 15 menit 57 detik.",
    "description": "10M/days"
  },
  {
    "id": 2791,
    "name": "TIKTOK View MP2 [ FAST ]  TERMURAH! ",
    "type": "default",
    "category": "TikTok View",
    "price": 77,
    "min": 100,
    "max": 50000000,
    "refill": 0,
    "average_time": "Jumlah pesan rata-rata 1.876. Waktu proses rata-rata 59 menit 2 detik.",
    "description": "perdays 10M"
  },
  {
    "id": 2856,
    "name": "TIKTOK View MP3 [ Trending + viral views]",
    "type": "default",
    "category": "TikTok View",
    "price": 370,
    "min": 100,
    "max": 10000000,
    "refill": 0,
    "average_time": "Jumlah pesan rata-rata 926. Waktu proses rata-rata 14 menit 41 detik.",
    "description": "100% Real Engaging TikTok Views\r<br>Tiktok Trending Views\r<br>High Chance to Get in Trend\r<br>http://tiktok.com/trending\r<br>Place Big Order to Get in Trending."
  },
  {
    "id": 2858,
    "name": "TIKTOK View MP4 [ 500K/Day ] ",
    "type": "default",
    "category": "TikTok View",
    "price": 341,
    "min": 100,
    "max": 100000000,
    "refill": 0,
    "average_time": "Jumlah pesan rata-rata 1.958. Waktu proses rata-rata 33 menit 12 detik.",
    "description": "waktu mulai 0-1jam\r<br>500K/Day\r<br>"
  },
  {
    "id": 2908,
    "name": "TIKTOK View MP9 [ TERMURAH]",
    "type": "default",
    "category": "TikTok View",
    "price": 77,
    "min": 100,
    "max": 5000000,
    "refill": 0,
    "average_time": "Jumlah pesan rata-rata 1.965. Waktu proses rata-rata 12 jam 22 menit 2 detik.",
    "description": "waktu mulai 0-30 menit"
  },
  {
    "id": 2937,
    "name": "TIKTOK View MP11 [ TERMURAH DUNIA ] 5M/days",
    "type": "default",
    "category": "TikTok View",
    "price": 11,
    "min": 100,
    "max": 2147483647,
    "refill": 0,
    "average_time": "Jumlah pesan rata-rata 6.010. Waktu proses rata-rata 23 menit 30 detik.",
    "description": "5M/days"
  },
  {
    "id": 2954,
    "name": "TIKTOK View MP12 [ 100M - 150M/Day ] ",
    "type": "default",
    "category": "TikTok View",
    "price": 135,
    "min": 100,
    "max": 40000000,
    "refill": 0,
    "average_time": "Jumlah pesan rata-rata 3.622. Waktu proses rata-rata 5 jam 5 menit 21 detik.",
    "description": "[ 100M - 150M/Day ] "
  },
  {
    "id": 2955,
    "name": "TIKTOK View MP13 [ 100M - 5M/Day ] R30",
    "type": "default",
    "category": "TikTok View",
    "price": 670,
    "min": 100,
    "max": 50000000,
    "refill": 0,
    "average_time": "Jumlah pesan rata-rata 1.589. Waktu proses rata-rata 40 menit 37 detik.",
    "description": "100M - 5M/Day"
  },
  {
    "id": 2958,
    "name": "TIKTOK View MP15 [ 2M/Day ] FAST UPDATE CHEAP",
    "type": "default",
    "category": "TikTok View",
    "price": 240,
    "min": 100,
    "max": 2147483647,
    "refill": 0,
    "average_time": "Jumlah pesan rata-rata 2.987. Waktu proses rata-rata 50 menit 43 detik.",
    "description": "waktu proses fast"
  },
  {
    "id": 2991,
    "name": "TIKTOK View MP17 [ 100K-500K/Day ] FAST CHEAP ",
    "type": "default",
    "category": "TikTok View",
    "price": 18,
    "min": 100,
    "max": 10000000,
    "refill": 0,
    "average_time": "Jumlah pesan rata-rata 15.340. Waktu proses rata-rata 2 jam 53 menit 18 detik.",
    "description": "INTANS"
  },
  {
    "id": 2997,
    "name": "TIKTOK View MP19 [ 5M ] MURAH! ",
    "type": "default",
    "category": "TikTok View",
    "price": 163,
    "min": 100,
    "max": 100000000,
    "refill": 0,
    "average_time": "Jumlah pesan rata-rata 2.404. Waktu proses rata-rata 27 menit 11 detik.",
    "description": "MURAH fast"
  },
  {
    "id": 3003,
    "name": "TIKTOK View MP20 [ 10M ] MURAHH! ",
    "type": "default",
    "category": "TikTok View",
    "price": 41,
    "min": 100,
    "max": 10000000,
    "refill": 0,
    "average_time": "Jumlah pesan rata-rata 23.404. Waktu proses rata-rata 10 menit 32 detik.",
    "description": "MURAHH"
  },
  {
    "id": 3011,
    "name": "TIKTOK View MP 22 [ MAX: 1B ] FAST WORK",
    "type": "default",
    "category": "TikTok View",
    "price": 17,
    "min": 100,
    "max": 300000000,
    "refill": 0,
    "average_time": "Jumlah pesan rata-rata 3.588. Waktu proses rata-rata 11 menit 46 detik.",
    "description": "MURAHH\r<br>5M/days"
  },
  {
    "id": 3015,
    "name": "TIKTOK View MP 23 [ R30 ] TERMURAH FAST",
    "type": "default",
    "category": "TikTok View",
    "price": 62,
    "min": 100,
    "max": 1000000000,
    "refill": 0,
    "average_time": "Jumlah pesan rata-rata 4.708. Waktu proses rata-rata 1 jam 35 menit 15 detik.",
    "description": "R30"
  },
  {
    "id": 3016,
    "name": "TIKTOK View MP 24 [ Start Time: 0-10 minutes ] TERMURAH FAST ",
    "type": "default",
    "category": "TikTok View",
    "price": 50,
    "min": 100,
    "max": 500000000,
    "refill": 0,
    "average_time": "Jumlah pesan rata-rata 13.020. Waktu proses rata-rata 23 jam 36 menit 10 detik.",
    "description": "TERMURAH FAST "
  },
  {
    "id": 3021,
    "name": "TIKTOK View MP 25 TERMURAH [ NON DROP ] 100M/Day",
    "type": "default",
    "category": "TikTok View",
    "price": 35,
    "min": 100,
    "max": 2147483647,
    "refill": 0,
    "average_time": "Jumlah pesan rata-rata 13.880. Waktu proses rata-rata 19 menit 6 detik.",
    "description": "100M/Day"
  },
  {
    "id": 3041,
    "name": "TIKTOK View MP 26 [ MURAH - MAX 10M  ] ",
    "type": "default",
    "category": "TikTok View",
    "price": 67,
    "min": 100,
    "max": 100000000,
    "refill": 0,
    "average_time": "Jumlah pesan rata-rata 4.176. Waktu proses rata-rata 4 jam 52 menit 47 detik.",
    "description": "Max 10M"
  },
  {
    "id": 3046,
    "name": "TIKTOK View MP 27 [ MURAH - MAX 50M ] ",
    "type": "default",
    "category": "TikTok View",
    "price": 39,
    "min": 100,
    "max": 50000000,
    "refill": 0,
    "average_time": "Jumlah pesan rata-rata 14.982. Waktu proses rata-rata 18 menit 43 detik.",
    "description": "MURAH - MAX 50M\r<br>10M/day"
  },
  {
    "id": 3068,
    "name": "TIKTOK View MP 28 [ TERMURAH - MAX 1000M ] Instant ",
    "type": "default",
    "category": "TikTok View",
    "price": 12,
    "min": 100,
    "max": 50000000,
    "refill": 0,
    "average_time": "Jumlah pesan rata-rata 5.420. Waktu proses rata-rata 14 menit 27 detik.",
    "description": "10M/Day"
  },
  {
    "id": 3179,
    "name": "TIKTOK View MP 29 [ TERMURAH - MAX 50M ] Instant ",
    "type": "default",
    "category": "TikTok View",
    "price": 191,
    "min": 100,
    "max": 50000000,
    "refill": 0,
    "average_time": "Jumlah pesan rata-rata 11.672. Waktu proses rata-rata 22 menit 34 detik.",
    "description": "TERMURAH "
  },
  {
    "id": 3185,
    "name": "TIKTOK View MP 30 [ Cheapest in All Market ] Instant ",
    "type": "default",
    "category": "TikTok View",
    "price": 18,
    "min": 100,
    "max": 1000000000,
    "refill": 0,
    "average_time": "Jumlah pesan rata-rata 22.950. Waktu proses rata-rata 7 jam 2 menit 53 detik.",
    "description": "Cheapest in All Market"
  },
  {
    "id": 3186,
    "name": "TIKTOK View MP 31 [ Cheapest in All Market ] [ No Refill ] Max Unlimited",
    "type": "default",
    "category": "TikTok View",
    "price": 11,
    "min": 100,
    "max": 2147483647,
    "refill": 0,
    "average_time": "Jumlah pesan rata-rata 11.730. Waktu proses rata-rata 3 menit 25 detik.",
    "description": "INSTAN"
  },
  {
    "id": 3187,
    "name": "TIKTOK View MP 32 [ Cheapest in All Market ] Max 100M",
    "type": "default",
    "category": "TikTok View",
    "price": 67,
    "min": 100,
    "max": 2147483647,
    "refill": 0,
    "average_time": "Jumlah pesan rata-rata 7.928. Waktu proses rata-rata 30 menit 35 detik.",
    "description": "Day 10M"
  },
  {
    "id": 3213,
    "name": "TIKTOK View MP 33 [ Cheapest in All Market ] Update Special",
    "type": "default",
    "category": "TikTok View",
    "price": 13,
    "min": 100,
    "max": 2147483647,
    "refill": 0,
    "average_time": "Jumlah pesan rata-rata 2.035. Waktu proses rata-rata 12 menit 37 detik.",
    "description": "10M/Day\r<br>Max: 50M"
  },
  {
    "id": 3230,
    "name": "TIKTOK View MP 34 [ Non-Drop ] 100M/Day",
    "type": "default",
    "category": "TikTok View",
    "price": 14,
    "min": 100,
    "max": 2147483647,
    "refill": 0,
    "average_time": "Jumlah pesan rata-rata 11.960. Waktu proses rata-rata 25 menit 5 detik.",
    "description": "100M/Day"
  },
  {
    "id": 3231,
    "name": "TIKTOK View MP 35 [ 100M/Day ] No Refill",
    "type": "default",
    "category": "TikTok View",
    "price": 67,
    "min": 100,
    "max": 2147483647,
    "refill": 0,
    "average_time": "Jumlah pesan rata-rata 3.540. Waktu proses rata-rata 3 jam 45 menit 14 detik.",
    "description": "input link video\r<br>No Refill"
  },
  {
    "id": 3613,
    "name": "TIKTOK View MP 36 [ 1M/Day ] Life Time Guaranteed",
    "type": "default",
    "category": "TikTok View",
    "price": 26,
    "min": 100,
    "max": 100000000,
    "refill": 1,
    "average_time": "Jumlah pesan rata-rata 5.850. Waktu proses rata-rata 22 menit 6 detik.",
    "description": "<p>Life Time Guaranteed <br>1M/Day</p>"
  },
  {
    "id": 3655,
    "name": "TIKTOK View MP 37 [ Max: Unlimited ] [ BONUSS++ ] [ Non Drop | 10M/days ]",
    "type": "default",
    "category": "TikTok View",
    "price": 12,
    "min": 100,
    "max": 2147483647,
    "refill": 0,
    "average_time": "Jumlah pesan rata-rata 27.368. Waktu proses rata-rata 2 menit 44 detik.",
    "description": "kemungkinan besar dapat bonus banyak!"
  },
  {
    "id": 3673,
    "name": "TIKTOK View MP 38 [ Max: Unlimited ] [ LIFETIME GUARANTED ]♻️",
    "type": "default",
    "category": "TikTok View",
    "price": 16,
    "min": 100,
    "max": 2147483647,
    "refill": 1,
    "average_time": "Jumlah pesan rata-rata 4.257. Waktu proses rata-rata 28 menit 39 detik.",
    "description": "LIFETIME GUARANTED\r<br>Max: Unlimited"
  },
  {
    "id": 3721,
    "name": "TIKTOK View MP 39 [ Max: Unlimited ] [ BONUS 500% ] [ low Drop | 10M/days ]",
    "type": "default",
    "category": "TikTok View",
    "price": 15,
    "min": 100,
    "max": 2147483647,
    "refill": 0,
    "average_time": "Jumlah pesan rata-rata 8.519. Waktu proses rata-rata 23 menit 4 detik.",
    "description": "BONUS 500% ( no kompline jika tidak sebanyak itu bonusnya )\r<br>Max: Unlimited"
  },
  {
    "id": 3768,
    "name": "TIKTOK View MP 40 [ Max: Unlimited ] [ LIFETIME GUARANTED ] [ cheap ] ",
    "type": "default",
    "category": "TikTok View",
    "price": 14,
    "min": 100,
    "max": 1000000000,
    "refill": 1,
    "average_time": "Jumlah pesan rata-rata 20.215. Waktu proses rata-rata 38 menit 41 detik.",
    "description": "LIFETIME GUARANTED\r<br>cheap"
  },
  {
    "id": 5168,
    "name": "TIKTOK View MP 41 [ Max Unlimited ] [ LIFETIME GUARANTED ] [ cheapeast ]",
    "type": "default",
    "category": "TikTok View",
    "price": 21,
    "min": 100,
    "max": 1000000000,
    "refill": 0,
    "average_time": "Jumlah pesan rata-rata 22.052. Waktu proses rata-rata 27 menit 35 detik.",
    "description": "<p><span style=\"color: rgb(33, 4, 7); font-family: Cairo, sans-serif;\">Life Time Guaranteed<br></span><span style=\"color: rgb(33, 4, 7); font-family: Cairo, sans-serif;\">Instant Start<br></span><span style=\"color: rgb(33, 4, 7); font-family: Cairo, sans-serif;\">Max Unlimited</span><br></p>"
  },
  {
    "id": 5179,
    "name": "TIKTOK View MP 42 [ Max Unlimited ] [ SuperInstant ] [ cheapeast ] [ 10M/days ] 🔥 🔥",
    "type": "default",
    "category": "TikTok View",
    "price": 14,
    "min": 1000,
    "max": 2147483647,
    "refill": 0,
    "average_time": "Jumlah pesan rata-rata 10.056. Waktu proses rata-rata 10 menit 30 detik.",
    "description": "<p>- Tautan: Tautan Video Tiktok<br><span style=\"font-size: var(--bs-body-font-size); font-weight: var(--bs-body-font-weight); text-align: var(--bs-body-text-align);\">- Lokasi: Global<br></span><span style=\"font-size: var(--bs-body-font-size); font-weight: var(--bs-body-font-weight); text-align: var(--bs-body-text-align);\">- Kualitas: Akun Berkualitas Tinggi<br></span><span style=\"font-size: var(--bs-body-font-size); font-weight: var(--bs-body-font-weight); text-align: var(--bs-body-text-align);\">- Mulai: 0-5 Menit<br></span><span style=\"font-size: var(--bs-body-font-size); font-weight: var(--bs-body-font-weight); text-align: var(--bs-body-text-align);\">- Kecepatan:&nbsp;</span><span style=\"text-align: var(--bs-body-text-align);\">10M/days</span></p><p><span style=\"font-size: var(--bs-body-font-size); font-weight: var(--bs-body-font-weight); text-align: var(--bs-body-text-align);\">Catatan:</span><br></p><p><span style=\"font-size: var(--bs-body-font-size); font-weight: var(--bs-body-font-weight); text-align: var(--bs-body-text-align);\">- Saat layanan sibuk, kecepatan awal proses berubah.<br></span><span style=\"font-size: var(--bs-body-font-size); font-weight: var(--bs-body-font-weight); text-align: var(--bs-body-text-align);\">- Jangan melakukan pemesanan kedua pada link yang sama sebelum pesanan Anda selesai di sistem.<br></span><span style=\"font-size: var(--bs-body-font-size); font-weight: var(--bs-body-font-weight); text-align: var(--bs-body-text-align);\">- Jika ada masalah dengan layanan, silakan hubungi tiket.</span></p>"
  },
  {
    "id": 5187,
    "name": "TIKTOK View MP 43 [ Life Time Guaranteed ] [ SuperInstant ] [ cheapeast ] 🔥 🔥",
    "type": "default",
    "category": "TikTok View",
    "price": 12,
    "min": 100,
    "max": 2147483647,
    "refill": 1,
    "average_time": "Jumlah pesan rata-rata 28.509. Waktu proses rata-rata 32 menit 4 detik.",
    "description": "<p>Life Time Guaranteed<br>instan start<br>max unlimited</p>"
  },
  {
    "id": 5210,
    "name": "TIKTOK View MDN 1 [ Max Unlimited ] [ SuperInstant ] [ TERMURAH! ] 🔥 🔥",
    "type": "default",
    "category": "TikTok View",
    "price": 2,
    "min": 100,
    "max": 2147483647,
    "refill": 0,
    "average_time": "Jumlah pesan rata-rata 51.160. Waktu proses rata-rata 2 menit 23 detik.",
    "description": "Link: Link video\r\nLocation: Global\r\nStart: 10-60 Minutes"
  },
  {
    "id": 5249,
    "name": "TIKTOK View MP 45 [ SuperInstant ] [ cheapeast ] 🔥 🔥",
    "type": "default",
    "category": "TikTok View",
    "price": 12,
    "min": 100,
    "max": 2147483647,
    "refill": 0,
    "average_time": "Jumlah pesan rata-rata 9.540. Waktu proses rata-rata 8 menit 31 detik.",
    "description": "cheapeast \r\nSuperInstant"
  },
  {
    "id": 5281,
    "name": "TIKTOK View MDN 1 [ TERMURAH SEKARANG ]",
    "type": "default",
    "category": "TikTok View",
    "price": 17,
    "min": 100,
    "max": 2147483647,
    "refill": 0,
    "average_time": "Jumlah pesan rata-rata 33.850. Waktu proses rata-rata 13 menit 10 detik.",
    "description": "0-15 Minutes"
  },
  {
    "category": "TikTok Followers"
  },
  {
    "category": "TikTok Likes"
  }
]