[
  {
    "id": "62881026842429@s.whatsapp.net",
    "item": "ML5",
    "tujuan": "3226607649056",
    "status": "Pending",
    "dari": "digiflazz",
    "time": "23:55:37",
    "harga": 1437
  },
  {
    "id": "62881026842429@s.whatsapp.net",
    "item": "DANA1K",
    "tujuan": "0881026842429",
    "status": "Processing",
    "dari": "digiflazz",
    "time": "14:16:44",
    "harga": 1318
  },
  {
    "id": "62881026842429@s.whatsapp.net",
    "item": "DANA1K",
    "tujuan": "0881026842429",
    "status": "Processing",
    "dari": "digiflazz",
    "time": "17:59:34",
    "harga": 1305
  },
  {
    "id": "62881026842429@s.whatsapp.net",
    "item": "DANA1K",
    "tujuan": "0881026842429",
    "status": "Processing",
    "dari": "digiflazz",
    "time": "18:11:58",
    "harga": 1305
  },
  {
    "id": "62881026842429@s.whatsapp.net",
    "item": "DANA1K",
    "tujuan": "0881026842429",
    "status": "Processing",
    "dari": "digiflazz",
    "time": "18:28:01",
    "harga": 1305
  },
  {
    "id": "62881026842429@s.whatsapp.net",
    "name": "TIKTOK View MDN 1 [ TERMURAH SEKARANG ]",
    "item": "5281",
    "tujuan": "https://vt.tiktok.com/ZS6AwG8dC/",
    "quantity": 5000,
    "status": "Processing",
    "dari": "medanpedia",
    "time": "18:53:49",
    "harga": 60
  },
  {
    "id": "62881026842429@s.whatsapp.net",
    "item": "ML5",
    "tujuan": "3226607649056",
    "status": "Processing",
    "dari": "digiflazz",
    "time": "19:02:23",
    "harga": 1411
  },
  {
    "id": "62881026842429@s.whatsapp.net",
    "item": "WEEKLY",
    "tujuan": "4296750129945",
    "status": "Processing",
    "dari": "digiflazz",
    "time": "20:25:34",
    "harga": 26025
  },
  {
    "id": "62881026842429@s.whatsapp.net",
    "item": "WEEKLY",
    "tujuan": "4296750129945",
    "status": "Processing",
    "dari": "digiflazz",
    "time": "20:27:56",
    "harga": 26025
  },
  {
    "id": "62881026842429@s.whatsapp.net",
    "item": "WEEKLY",
    "tujuan": "4296750129945",
    "status": "Processing",
    "dari": "digiflazz",
    "time": "20:29:07",
    "harga": 26025
  },
  {
    "id": "6283846237019@s.whatsapp.net",
    "item": "ISAT20GB",
    "tujuan": "085880027554",
    "status": "Processing",
    "dari": "digiflazz",
    "time": "15:19:48",
    "harga": 55000
  },
  {
    "id": "6283846237019@s.whatsapp.net",
    "item": "ISAT20GB",
    "tujuan": "085880027554",
    "status": "Processing",
    "dari": "digiflazz",
    "time": "15:21:07",
    "harga": 55000
  },
  {
    "id": "62881026842429@s.whatsapp.net",
    "name": "TIKTOK View MDN 1 [ TERMURAH SEKARANG ]",
    "item": "5281",
    "tujuan": "https://vt.tiktok.com/ZS6UToeKm/",
    "quantity": 1000,
    "status": "Processing",
    "dari": "medanpedia",
    "time": "19:57:06",
    "harga": 12
  },
  {
    "id": "6285167755578@s.whatsapp.net",
    "nama": "TIKTOK View MP 41 [ Max Unlimited ] [ 10M/Day ] [ NO REFILL ] [ CHEAPEST IN MARKET ]",
    "item": "3998",
    "tujuan": "https://vt.tiktok.com/ZS6ykTL77/",
    "quantity": 100,
    "status": "Processing",
    "dari": "medanpedia",
    "time": "06:57:52",
    "harga": 2,
    "idorderan": "20622865"
  },
  {
    "id": "6283846237019@s.whatsapp.net",
    "item": "WEEKLY",
    "tujuan": "169217982218180",
    "status": "Processing",
    "dari": "digiflazz",
    "time": "22:15:08",
    "harga": 26025
  },
  {
    "id": "62881026842429@s.whatsapp.net",
    "item": "WEEKLY",
    "tujuan": "169217982218180",
    "status": "Processing",
    "dari": "digiflazz",
    "time": "22:18:15",
    "harga": 26025
  },
  {
    "id": "62881026842429@s.whatsapp.net",
    "item": "ML10",
    "tujuan": "3226607649056",
    "nama": "MOBILELEGEND - 10 Diamond",
    "status": "Processing",
    "dari": "digiflazz",
    "time": "16:01:37",
    "harga": 2879,
    "username": "Chy'sαα+:p"
  },
  {
    "id": "62881026842429@s.whatsapp.net",
    "item": "ML19",
    "tujuan": "3226607649056",
    "nama": "MOBILELEGEND - 19 Diamond",
    "status": "Processing",
    "dari": "digiflazz",
    "time": "23:38:40",
    "harga": 5775,
    "username": "Chy'sαα+:p"
  }
]